{
	"partitions" : [
		{
			"name" : "Top",
			"pins" : [
				{
					"name" : "enLCD",
					"strict" : false
				},
				{
					"name" : "DataLCD[8]",
					"strict" : false
				},
				{
					"name" : "DataLCD[7]",
					"strict" : false
				},
				{
					"name" : "DataLCD[6]",
					"strict" : false
				},
				{
					"name" : "DataLCD[5]",
					"strict" : false
				},
				{
					"name" : "DataLCD[4]",
					"strict" : false
				},
				{
					"name" : "DataLCD[3]",
					"strict" : false
				},
				{
					"name" : "DataLCD[2]",
					"strict" : false
				},
				{
					"name" : "DataLCD[1]",
					"strict" : false
				},
				{
					"name" : "DataLCD[0]",
					"strict" : false
				},
				{
					"name" : "estados[4]",
					"strict" : false
				},
				{
					"name" : "estados[3]",
					"strict" : false
				},
				{
					"name" : "estados[2]",
					"strict" : false
				},
				{
					"name" : "estados[1]",
					"strict" : false
				},
				{
					"name" : "estados[0]",
					"strict" : false
				},
				{
					"name" : "LED[9]",
					"strict" : false
				},
				{
					"name" : "LED[8]",
					"strict" : false
				},
				{
					"name" : "LED[7]",
					"strict" : false
				},
				{
					"name" : "LED[6]",
					"strict" : false
				},
				{
					"name" : "LED[5]",
					"strict" : false
				},
				{
					"name" : "LED[4]",
					"strict" : false
				},
				{
					"name" : "LED[3]",
					"strict" : false
				},
				{
					"name" : "LED[2]",
					"strict" : false
				},
				{
					"name" : "LED[1]",
					"strict" : false
				},
				{
					"name" : "LED[0]",
					"strict" : false
				},
				{
					"name" : "Reloj",
					"strict" : false
				},
				{
					"name" : "Reset",
					"strict" : false
				},
				{
					"name" : "Start",
					"strict" : false
				},
				{
					"name" : "Tecla[0]",
					"strict" : false
				},
				{
					"name" : "Tecla[3]",
					"strict" : false
				},
				{
					"name" : "Tecla[2]",
					"strict" : false
				},
				{
					"name" : "Tecla[1]",
					"strict" : false
				},
				{
					"name" : "Tecla[5]",
					"strict" : false
				},
				{
					"name" : "Tecla[4]",
					"strict" : false
				},
				{
					"name" : "Tecla[6]",
					"strict" : false
				},
				{
					"name" : "Tecla[8]",
					"strict" : false
				},
				{
					"name" : "Tecla[7]",
					"strict" : false
				},
				{
					"name" : "Tecla[9]",
					"strict" : false
				}
			]
		}
	]
}